{"gen_best_record": [[[23.73502613935058, 2435.0998013951194], [23.731689422350364, 1863.4815967002276], [23.733066145922827, 2074.5170146733535], [23.735886936730296, 3852.2969184585063], [23.73502613935058, 2435.0998013951194], [23.731689422350364, 1863.481596700227], [23.736511656616372, 3607.819155392937], [23.732398586021638, 1988.6822721890867], [23.729366551401554, 1617.098523167072], [23.733066145922827, 2074.5170146733544], [23.73502613935058, 2435.0998013951194], [23.731689422350364, 1863.4815967002273], [23.733738603581756, 2360.0949045966618], [23.72953540891013, 1355.9767940622514], [23.732393754586933, 1774.7103957669292], [23.73681571357574, 3876.3277900878393], [23.736511656616372, 3607.819155392937], [23.732398586021638, 1988.6822721890867], [23.733066145922827, 2074.5170146733544], [23.73502613935058, 2435.0998013951194], [23.7352036527552, 2863.6952783137845], [23.73560282617492, 3464.8163707310823], [23.73311618903189, 1787.9832924362129], [23.733738603581756, 2360.0949045966618], [23.72953540891013, 1355.9767940622514], [23.732393754586933, 1774.7103957669297], [23.73681571357574, 3876.3277900878393], [23.736511656616372, 3607.819155392937], [23.73502613935058, 2435.0998013951194]], [], [], [], []], "gens_avg_record": [23.73246637843748, 23.733060868161513, 23.732186574732992, 23.73314056529091, 23.734101009050633], "genr_avg_record": [2554.642052534868, 2604.126206462166, 2287.2271657155957, 2348.541590454566, 2560.104079745617]}