{"gen_best_record": [1752.4367929592293, 1752.4367929592293, 1473.2169521679057, 1473.2169521679057, 1473.2169521679057, 1473.2169521679057, 1473.2169521679057, 1473.2169521679057, 1473.2169521679057, 1473.2169521679057, 1473.2169521679057, 1473.2169521679057, 1473.2169521679057, 1473.2169521679057, 1473.2169521679057, 1473.2169521679057, 1473.2169521679057, 1473.2169521679057, 1473.2169521679057, 1473.2169521679057, 1473.2169521679057, 1473.2169521679057, 1473.2169521679057, 1473.2169521679057, 1473.2169521679057, 1473.2169521679057, 1473.2169521679057, 1473.2169521679057, 1473.2169521679057, 1473.2169521679057, 1473.2169521679057, 1473.2169521679057, 1473.2169521679057, 1473.2169521679057, 1473.2169521679057, 1466.1910427071793, 1466.1910427071793, 1466.1910427071793, 1466.1910427071793, 1466.1910427071793, 1466.1910427071793, 1466.1910427071793, 1466.1910427071793, 1466.1910427071793, 1314.286880826076, 1314.286880826076, 1314.286880826076, 1314.286880826076, 1314.286880826076, 1314.286880826076, 1314.286880826076, 1314.286880826076, 1314.286880826076, 1088.1263746848726, 1088.1263746848726, 1088.1263746848726, 1088.1263746848726, 1088.1263746848726, 1088.1263746848726, 1088.1263746848726, 1088.1263746848726, 1088.1263746848726, 1088.1263746848726, 1088.1263746848726, 1088.1263746848726, 1088.1263746848726, 1088.1263746848726, 1088.1263746848726, 1088.1263746848726, 1088.1263746848726, 1088.1263746848726, 1088.1263746848726, 1088.1263746848726, 1052.5694004800391, 1052.5694004800391, 1052.5694004800391, 1052.5694004800391, 1052.5694004800391, 1052.5694004800391, 1052.5694004800391, 1052.5694004800391, 1052.5694004800391, 1052.5694004800391, 1052.5694004800391, 1052.5694004800391, 1052.5694004800391, 1052.5694004800391, 1052.5694004800391, 1052.5694004800391, 1052.5694004800391, 1052.5694004800391, 1052.5694004800391, 1052.5694004800391, 1052.5694004800391, 1052.5694004800391, 1052.5694004800391, 1052.5694004800391, 1052.5694004800391, 1052.5694004800391, 1052.5694004800391], "gen_avg_record": [2946.242440733423, 2920.1556759027812, 2900.025041954691, 2888.784771345911, 2879.4263799413493, 2856.150308912094, 2843.983396942442, 2825.8143132701366, 2800.6383314318186, 2759.185171216886, 2736.8240610727353, 2714.571916324636, 2688.6347993637482, 2667.7629514508794, 2656.0191697094583, 2652.7835730132497, 2629.8767605550383, 2603.8123917177227, 2579.7879363187694, 2572.0175049494246, 2566.376508849716, 2547.0304867886603, 2536.175936298352, 2505.3340160310695, 2484.545868059738, 2481.505766012466, 2473.726604373144, 2467.4338908587106, 2460.4436283390614, 2440.425046722273, 2437.0741904712368, 2437.0741904712368, 2414.7607387271146, 2414.7607387271146, 2403.4911728368816, 2393.2715731909566, 2384.5832843836715, 2377.2181369167843, 2376.005800936532, 2365.5635592262333, 2353.9110157815576, 2329.9970241005567, 2322.4495928592823, 2316.4726697987376, 2301.568340134249, 2282.149390629882, 2277.2940920349756, 2259.436255312153, 2255.431630481064, 2238.3691579284414, 2227.175985238858, 2219.393058798522, 2208.4630739197364, 2196.200686316947, 2184.66621024514, 2171.8723887199235, 2163.834541959073, 2163.834541959073, 2155.228515433091, 2151.9918438416935, 2147.5314786824333, 2133.749645891419, 2127.976210824642, 2123.3082648390496, 2122.347643753203, 2112.18961996618, 2099.73684662215, 2098.6626471863738, 2087.0089210971923, 2074.134880897529, 2065.9145687135274, 2052.5953103547877, 2043.9901050000763, 2026.9352815610578, 2009.9102798600131, 1998.868060323816, 1998.868060323816, 1998.868060323816, 1996.6262365215568, 1962.6135407929446, 1956.9788426373104, 1946.921680151219, 1938.8539907339773, 1938.8539907339773, 1933.6990405402203, 1927.2166930150074, 1926.6075710578327, 1926.3387650664092, 1917.8356076694017, 1917.13476593863, 1907.0834905423897, 1903.73347021222, 1901.9505306405176, 1895.9702402878995, 1891.689443921802, 1890.1231223314542, 1886.453843241939, 1869.770476763349, 1864.363527335615, 1864.363527335615]}