{"gen_best_record": [1644.0122312973645, 1269.9290993727893, 1269.9290993727893, 1269.9290993727893, 1269.9290993727893, 1269.9290993727893, 1269.9290993727893, 1269.9290993727893, 1269.9290993727893, 1269.9290993727893, 1269.9290993727893, 1269.9290993727893, 1269.9290993727893, 1269.9290993727893, 1269.9290993727893, 1269.9290993727893, 1269.9290993727893, 1215.964198882518, 1215.964198882518, 1215.964198882518, 1215.964198882518, 1215.964198882518, 1215.964198882518, 897.8305525017672, 897.8305525017672, 897.8305525017672, 897.8305525017672, 897.8305525017672, 897.8305525017672, 897.8305525017672, 897.8305525017672, 897.8305525017672, 897.8305525017672, 897.8305525017672, 897.8305525017672, 897.8305525017672, 897.8305525017672, 897.8305525017672, 897.8305525017672, 897.8305525017672, 897.8305525017672, 897.8305525017672, 897.8305525017672, 897.8305525017672, 897.8305525017672, 897.8305525017672, 897.8305525017672, 897.8305525017672, 897.8305525017672, 897.8305525017672, 897.8305525017672, 897.8305525017672, 897.8305525017672, 897.8305525017672, 897.8305525017672, 897.8305525017672, 897.8305525017672, 897.8305525017672, 897.8305525017672, 897.8305525017672, 897.8305525017672, 897.8305525017672, 897.8305525017672, 791.6593698125421, 791.6593698125421, 791.6593698125421, 791.6593698125421, 791.6593698125421, 791.6593698125421, 791.6593698125421, 791.6593698125421, 791.6593698125421, 791.6593698125421, 791.6593698125421, 791.6593698125421, 791.6593698125421, 791.6593698125421, 791.6593698125421, 791.6593698125421, 791.6593698125421, 791.6593698125421, 791.6593698125421, 791.6593698125421, 791.6593698125421, 791.6593698125421, 791.6593698125421, 791.6593698125421, 791.6593698125421, 791.6593698125421, 791.6593698125421, 791.6593698125421, 791.6593698125421, 791.6593698125421, 791.6593698125421, 791.6593698125421, 791.6593698125421, 791.6593698125421, 765.0554439190062, 765.0554439190062, 765.0554439190062], "gen_avg_record": [3326.248838810211, 3210.501426676529, 3157.3793198098783, 3113.430425399684, 3059.8972902246605, 2978.8546285315697, 2950.4329878787526, 2862.7746541709935, 2827.0192157073757, 2787.1812444964157, 2722.136461248936, 2684.6849465813198, 2666.9311295306943, 2641.635681688419, 2622.5567154723917, 2588.091546090578, 2572.077544119947, 2529.900659512275, 2504.3120371086798, 2489.5672186805978, 2439.58057675063, 2393.9457275204336, 2381.128277354049, 2352.795832788545, 2332.8800969403605, 2316.6979144780807, 2280.183410182202, 2261.3602411794404, 2245.72928647387, 2229.8132030572488, 2210.8119683499635, 2180.76195491227, 2161.462621897124, 2133.5378771195014, 2120.381033371796, 2099.4202918777287, 2087.6175309994314, 2042.0920313822528, 2018.4858876861895, 2013.1494858311244, 1994.121233680386, 1984.3522718786826, 1963.5894016517213, 1953.4534174660107, 1950.9734952408335, 1934.2097197423966, 1904.40168127179, 1903.9946974904722, 1890.6354833227235, 1880.7890574553464, 1859.2125432396738, 1831.5019510039533, 1823.9861432559244, 1821.2168471229338, 1817.5714745366931, 1813.015878810521, 1808.458548923554, 1808.458548923554, 1801.9696063774218, 1784.4417990387656, 1779.153429734775, 1770.5097560931172, 1763.0935866432294, 1745.8016354618833, 1722.4146478641183, 1715.1932505916657, 1707.4411530948303, 1696.6967556112504, 1693.0885726970394, 1687.6496022973347, 1676.0949520359325, 1674.1955568963594, 1670.2349311406786, 1670.2349311406786, 1663.93952563595, 1650.49924775016, 1636.9730518682625, 1619.8050900835287, 1616.1134136417563, 1601.9056925131677, 1600.6082920980084, 1600.6082920980084, 1596.3055662637107, 1590.6340552902213, 1582.7240876417843, 1581.6869971417225, 1581.6869971417225, 1569.1055265218938, 1569.1055265218938, 1560.6932051592833, 1559.9317597639615, 1559.5041321107449, 1554.1499256171778, 1540.4721058253542, 1532.432053714433, 1532.432053714433, 1526.4279345572688, 1509.6944236261327, 1504.307720084773, 1499.3456737357671]}