{"gen_best_record": [23.994603779353895, 23.994603779353895, 23.994603779353895, 23.994603779353895, 23.994603779353895, 23.994603779353895, 23.994603779353895, 23.994603779353895, 23.994603779353895, 23.994603779353895, 23.994603779353895, 23.994603779353895, 23.994603779353895, 23.994603779353895, 23.994603779353895, 23.994603779353895, 23.996766940779263, 23.996766940779263, 23.996766940779263, 23.996766940779263, 23.996766940779263, 23.996766940779263, 23.996766940779263, 23.996766940779263, 23.996766940779263, 23.996766940779263, 23.997323353188776, 23.997323353188776, 23.997323353188776, 23.997323353188776, 23.997323353188776, 23.997323353188776, 23.997323353188776, 23.997323353188776, 23.997323353188776, 23.997669991579723, 23.99774566961758, 23.998922248301373, 23.998922248301373, 23.998922248301373, 23.99917579743898, 23.999222906362263, 23.999222906362263, 23.999222906362263, 23.999443940877732, 23.999619690888355, 23.99980046486046, 23.999805704116376, 23.999805704116376, 23.999878018226532, 23.999878018226532, 23.999878018226532, 23.999878018226532, 23.999878018226532, 23.999878018226532, 23.999878018226532, 23.99992401584255, 23.99992401584255, 24.000022513150537, 24.000022513150537, 24.000022513150537, 24.000022513150537, 24.000022513150537, 24.000022513150537, 24.000022513150537, 24.000022513150537, 24.000050227374057, 24.000050227374057, 24.000050227374057, 24.000050227374057, 24.000050227374057, 24.000052120553214, 24.000052120553214, 24.000052120553214, 24.00005229705053, 24.00005229705053, 24.000066409415854, 24.000066409415854, 24.000066409415854, 24.000075155827094, 24.000075155827094, 24.000079649990834, 24.000122378525077, 24.000122378525077, 24.000122378525077, 24.000122378525077, 24.000122378525077, 24.000122378525077, 24.00013085423586, 24.00013085423586, 24.000147390863575, 24.00016045891686, 24.00016045891686, 24.00016045891686, 24.00016045891686, 24.00017416106796, 24.00017416106796, 24.00017416106796, 24.00017416106796, 24.00017416106796], "gen_avg_record": [23.96089657475759, 23.963127892641836, 23.964394966651895, 23.96524966417943, 23.965997756712337, 23.967419922075173, 23.96882200577373, 23.96963361060281, 23.97023087935547, 23.970425301023344, 23.971321069788235, 23.972017413912255, 23.97312012499974, 23.973294975555003, 23.974455509317337, 23.97547781932183, 23.977288396526074, 23.978395158538998, 23.97978613948091, 23.980492950685537, 23.981807463790446, 23.982279597938863, 23.98277698045802, 23.983664859003188, 23.98453917064014, 23.98506462165278, 23.98587563998055, 23.986898980709086, 23.988459250972177, 23.988857033397025, 23.989827721330872, 23.98997952132975, 23.990506530680353, 23.990885275217614, 23.991299807719724, 23.99175384412133, 23.992506420468306, 23.99279115901103, 23.993179674503743, 23.993900806290327, 23.99406859923411, 23.99446702393046, 23.99465556964979, 23.994892914287338, 23.99522487250494, 23.995726943227165, 23.996018055077673, 23.99626455503072, 23.996472901226166, 23.99661116987264, 23.996802139512994, 23.99689594532672, 23.997063157562437, 23.997333294354462, 23.997501247470705, 23.99784196528724, 23.997924364694505, 23.998149705685034, 23.998325391473163, 23.998376726238234, 23.99867648636858, 23.99877187479095, 23.998884996210077, 23.999040848745818, 23.999091659269183, 23.999170544755327, 23.999301466047925, 23.99939249579703, 23.99943093462792, 23.99945759130687, 23.999499010895242, 23.999511397643722, 23.99957417712147, 23.999595327427386, 23.999615744885947, 23.999627262890954, 23.99973368308312, 23.999788985426193, 23.9998286176217, 23.99983631400916, 23.999844261997772, 23.999852317550157, 23.99989078190879, 23.999904348975964, 23.999916968832505, 23.999927044521147, 23.999933029787922, 23.99994207539573, 23.999956794550073, 23.999961490305882, 23.99996627975613, 23.999976677742914, 23.999986491666597, 23.999991665666986, 24.00002067637898, 24.00002342927636, 24.000038847794993, 24.000042593321037, 24.000047103612523, 24.000050322765738]}